issued_id,member_id,emp_id,isbn,issued_date,due_date,return_date
1001,206,104,9780330258648,10-03-2024,09-04-2024,01-05-2024
1002,207,104,9780141187761,11-03-2024,10-04-2024,03-05-2024
1003,208,104,9780525475355,12-03-2024,11-04-2024,05-05-2024
1004,209,105,9780141441716,13-03-2024,12-04-2024,07-05-2024
1005,210,105,9780307378401,14-03-2024,13-04-2024,09-05-2024
1006,209,105,9780679764898,15-03-2024,14-04-2024,11-05-2024
1007,209,106,9780099578079,16-03-2024,15-04-2024,13-05-2024
1008,209,106,9780393050818,17-03-2024,16-04-2024,15-05-2024
1009,209,106,9780192805511,18-03-2024,17-04-2024,17-05-2024
1010,209,107,9780140449303,19-03-2024,18-04-2024,19-05-2024
1011,210,107,9780393912578,20-03-2024,19-04-2024,21-05-2024
1012,210,107,9780679641153,21-03-2024,20-04-2024,23-05-2024
1013,201,108,9780141439518,22-03-2024,21-04-2024,25-05-2024
1014,210,108,9780452282407,23-03-2024,22-04-2024,27-05-2024
1015,210,108,9780670813024,24-03-2024,23-04-2024,29-05-2024
1016,202,109,9780451529935,26-03-2024,25-04-2024,
1017,203,109,9780345391803,27-03-2024,26-04-2024,
1018,204,110,9780060254926,28-03-2024,27-04-2024,
1019,205,110,9780061122415,29-03-2024,28-04-2024,
1020,205,110,9780064400558,30-03-2024,29-04-2024,
1021,205,110,9780679776443,31-03-2024,30-04-2024,
1022,205,110,9780140275263,01-04-2024,01-05-2024,
1023,205,110,9780743476793,02-04-2024,02-05-2024,
1024,206,101,9780451529942,03-04-2024,03-05-2024,
1025,206,101,9780061120084,04-04-2024,04-05-2024,
1026,206,106,9780743273564,05-04-2024,05-05-2024,
1027,207,106,9780743247225,06-04-2024,06-05-2024,
1028,207,106,9780375413988,07-04-2024,07-05-2024,
1029,207,108,9780307588371,08-04-2024,08-05-2024,
1030,207,102,9780743273571,09-04-2024,09-05-2024,
1031,207,103,9780553296982,10-04-2024,10-05-2024,
1032,208,104,9780525475355,11-04-2024,11-05-2024,
1033,209,105,9780679764898,12-04-2024,12-05-2024,
1034,210,102,9780330258648,13-04-2024,13-05-2024,
1035,211,108,9780553296982,03-03-2026,02-04-2026,
1036,212,109,9780553296982,14-03-2026,13-04-2026,
1037,206,107,9780141439518,20-03-2026,19-04-2026,
1038,205,101,9780375501670,23-02-2026,25-03-2026,
1039,205,103,9780452282407,21-04-2026,21-05-2026,22-04-2026
1040,207,105,9780307378401,02-05-2026,01-06-2026,02-05-2026
