member_id,member_name,member_address,reg_date
201,Alice Johnson,125 Main St,15-05-2021
202,Bob Smith,456 Elm St,20-06-2021
203,Carol Davis,789 Oak St,10-07-2021
204,Dave Wilson,567 Pine St,05-08-2021
205,Eve Brown,890 Maple St,25-09-2021
206,Frank Thomas,234 Cedar St,15-10-2021
207,Grace Taylor,345 Walnut St,20-11-2021
208,Henry Anderson,456 Birch St,10-12-2021
209,Ivy Martinez,567 Oak St,05-01-2022
210,Jack Wilson,678 Pine St,25-02-2022
211,Sam,145 Main St,25-01-2026
212,John,133 Main St,06-02-2026
